<?xml version="1.0" encoding="UTF-8"?>
<beans xmlns="http://www.springframework.org/schema/beans"
       xmlns:xsi="http://www.w3.org/2001/XMLSchema-instance"
       xmlns:aop="http://www.springframework.org/schema/aop"
       xmlns:context="http://www.springframework.org/schema/context"
       xmlns:p="http://www.springframework.org/schema/p"
       xmlns:mvc="http://www.springframework.org/schema/mvc"

       xsi:schemaLocation="http://www.springframework.org/schema/beans 
          http://www.springframework.org/schema/beans/spring-beans-4.0.xsd
          http://www.springframework.org/schema/aop 
          http://www.springframework.org/schema/aop/spring-aop-4.0.xsd
          http://www.springframework.org/schema/context 
          http://www.springframework.org/schema/context/spring-context-4.0.xsd
          http://www.springframework.org/schema/mvc 
	  http://www.springframework.org/schema/mvc/spring-mvc-4.0.xsd">
        
        <bean id="obj" class="A"/>
        
        <bean id="ba" class="BeforeAdvisor"/>
      
        <bean id="proxy" class="org.springframework.aop.framework.ProxyFactoryBean">  
            <property name="target" ref="obj"></property>  
            <property name="interceptorNames">  
                <list>  
                    <value>ba</value>  
                </list>  
            </property>  
        </bean>
</beans>
